image_name,label
FS1_page_1.jpg,Other Pages
FS1_page_2.jpg,Other Pages
FS1_page_3.jpg,Independent Auditor's Report
FS1_page_4.jpg,Independent Auditor's Report
FS1_page_5.jpg,Independent Auditor's Report
FS1_page_6.jpg,Financial Sheets
FS1_page_7.jpg,Financial Sheets
FS1_page_8.jpg,Financial Sheets
FS1_page_9.jpg,Financial Sheets
FS1_page_10.jpg,Notes (Text)
FS1_page_11.jpg,Notes (Text)
FS1_page_12.jpg,Notes (Text)
FS1_page_13.jpg,Notes (Text)
FS1_page_14.jpg,Notes (Text)
FS1_page_15.jpg,Notes (Text)
FS1_page_16.jpg,Notes (Text)
FS1_page_17.jpg,Notes (Text)
FS1_page_18.jpg,Notes (Text)
FS1_page_19.jpg,Notes (Text)
FS1_page_20.jpg,Notes (Tabular)
FS1_page_21.jpg,Notes (Tabular)
FS1_page_22.jpg,Notes (Tabular)
FS1_page_23.jpg,Notes (Tabular)
FS1_page_24.jpg,Notes (Tabular)
FS1_page_25.jpg,Notes (Tabular)
FS1_page_26.jpg,Notes (Tabular)
FS1_page_27.jpg,Notes (Tabular)
FS1_page_28.jpg,Notes (Tabular)
FS1_page_29.jpg,Notes (Tabular)
FS1_page_30.jpg,Notes (Tabular)
FS1_page_31.jpg,Notes (Tabular)
FS1_page_32.jpg,Notes (Tabular)
FS1_page_33.jpg,Notes (Tabular)
FS2_page_1.jpg,Other Pages
FS2_page_2.jpg,Other Pages
FS2_page_3.jpg,Independent Auditor's Report
FS2_page_4.jpg,Independent Auditor's Report
FS2_page_5.jpg,Independent Auditor's Report
FS2_page_6.jpg,Independent Auditor's Report
FS2_page_7.jpg,Financial Sheets
FS2_page_8.jpg,Financial Sheets
FS2_page_9.jpg,Financial Sheets
FS2_page_10.jpg,Financial Sheets
FS2_page_11.jpg,Notes (Tabular)
FS2_page_12.jpg,Notes (Text)
FS2_page_13.jpg,Notes (Text)
FS2_page_14.jpg,Notes (Text)
FS2_page_15.jpg,Notes (Text)
FS2_page_16.jpg,Notes (Tabular)
FS2_page_17.jpg,Notes (Tabular)
FS2_page_18.jpg,Notes (Text)
FS2_page_19.jpg,Notes (Text)
FS2_page_20.jpg,Notes (Text)
FS2_page_21.jpg,Notes (Text)
FS2_page_22.jpg,Notes (Text)
FS2_page_23.jpg,Notes (Text)
FS2_page_24.jpg,Notes (Text)
FS2_page_25.jpg,Notes (Tabular)
FS2_page_26.jpg,Notes (Tabular)
FS2_page_27.jpg,Notes (Tabular)
FS2_page_28.jpg,Notes (Tabular)
FS2_page_29.jpg,Notes (Tabular)
FS2_page_30.jpg,Notes (Tabular)
FS2_page_31.jpg,Notes (Tabular)
FS2_page_32.jpg,Notes (Tabular)
FS2_page_33.jpg,Notes (Tabular)
FS2_page_34.jpg,Notes (Tabular)
FS2_page_35.jpg,Notes (Tabular)
FS2_page_36.jpg,Notes (Tabular)
FS2_page_37.jpg,Notes (Tabular)
FS2_page_38.jpg,Notes (Tabular)
FS2_page_39.jpg,Notes (Tabular)
FS2_page_40.jpg,Notes (Tabular)
FS2_page_41.jpg,Notes (Tabular)
FS3_page_1.jpg,Other Pages
FS3_page_2.jpg,Other Pages
FS3_page_3.jpg,Independent Auditor's Report
FS3_page_4.jpg,Independent Auditor's Report
FS3_page_5.jpg,Independent Auditor's Report
FS3_page_6.jpg,Financial Sheets
FS3_page_7.jpg,Financial Sheets
FS3_page_8.jpg,Financial Sheets
FS3_page_9.jpg,Financial Sheets
FS3_page_10.jpg,Financial Sheets
FS3_page_11.jpg,Notes (Tabular)
FS3_page_12.jpg,Notes (Tabular)
FS3_page_13.jpg,Notes (Text)
FS3_page_14.jpg,Notes (Tabular)
FS3_page_15.jpg,Notes (Tabular)
FS3_page_16.jpg,Notes (Text)
FS3_page_17.jpg,Notes (Text)
FS3_page_18.jpg,Notes (Text)
FS3_page_19.jpg,Notes (Text)
FS3_page_20.jpg,Notes (Tabular)
FS3_page_21.jpg,Notes (Tabular)
FS3_page_22.jpg,Notes (Tabular)
FS3_page_23.jpg,Notes (Tabular)
FS3_page_24.jpg,Notes (Tabular)
FS3_page_25.jpg,Notes (Tabular)
FS3_page_26.jpg,Notes (Tabular)
FS3_page_27.jpg,Notes (Tabular)
FS3_page_28.jpg,Notes (Tabular)
FS3_page_29.jpg,Notes (Tabular)
FS3_page_30.jpg,Notes (Tabular)
FS3_page_31.jpg,Notes (Tabular)
FS3_page_32.jpg,Notes (Tabular)
FS3_page_33.jpg,Notes (Text)
FS4_page_1.jpg,Other Pages
FS4_page_2.jpg,Other Pages
FS4_page_3.jpg,Independent Auditor's Report
FS4_page_4.jpg,Independent Auditor's Report
FS4_page_5.jpg,Independent Auditor's Report
FS4_page_6.jpg,Financial Sheets
FS4_page_7.jpg,Financial Sheets
FS4_page_8.jpg,Financial Sheets
FS4_page_9.jpg,Financial Sheets
FS4_page_10.jpg,Notes (Text)
FS4_page_11.jpg,Notes (Text)
FS4_page_12.jpg,Notes (Text)
FS4_page_13.jpg,Notes (Text)
FS4_page_14.jpg,Notes (Tabular)
FS4_page_15.jpg,Notes (Text)
FS4_page_16.jpg,Notes (Text)
FS4_page_17.jpg,Notes (Text)
FS4_page_18.jpg,Notes (Text)
FS4_page_19.jpg,Notes (Tabular)
FS4_page_20.jpg,Notes (Tabular)
FS4_page_21.jpg,Notes (Tabular)
FS4_page_22.jpg,Notes (Tabular)
FS4_page_23.jpg,Notes (Tabular)
FS4_page_24.jpg,Notes (Tabular)
FS4_page_25.jpg,Notes (Tabular)
FS4_page_26.jpg,Notes (Text)
FS4_page_27.jpg,Notes (Tabular)
FS4_page_28.jpg,Notes (Text)
FS5_page_1.jpg,Other Pages
FS5_page_2.jpg,Other Pages
FS5_page_3.jpg,Independent Auditor's Report
FS5_page_4.jpg,Independent Auditor's Report
FS5_page_5.jpg,Independent Auditor's Report
FS5_page_6.jpg,Independent Auditor's Report
FS5_page_7.jpg,Financial Sheets
FS5_page_8.jpg,Financial Sheets
FS5_page_9.jpg,Financial Sheets
FS5_page_10.jpg,Financial Sheets
FS5_page_11.jpg,Notes (Tabular)
FS5_page_12.jpg,Notes (Tabular)
FS5_page_13.jpg,Notes (Tabular)
FS5_page_14.jpg,Notes (Tabular)
FS5_page_15.jpg,Notes (Text)
FS5_page_16.jpg,Notes (Text)
FS5_page_17.jpg,Notes (Text)
FS5_page_18.jpg,Notes (Text)
FS5_page_19.jpg,Notes (Text)
FS5_page_20.jpg,Notes (Text)
FS5_page_21.jpg,Notes (Text)
FS5_page_22.jpg,Notes (Text)
FS5_page_23.jpg,Notes (Tabular)
FS5_page_24.jpg,Notes (Tabular)
FS5_page_25.jpg,Notes (Tabular)
FS5_page_26.jpg,Notes (Tabular)
FS5_page_27.jpg,Notes (Tabular)
FS5_page_28.jpg,Notes (Tabular)
FS5_page_29.jpg,Notes (Tabular)
FS5_page_30.jpg,Notes (Tabular)
FS5_page_31.jpg,Notes (Tabular)
FS5_page_32.jpg,Notes (Tabular)
FS5_page_33.jpg,Notes (Tabular)
FS5_page_34.jpg,Notes (Tabular)
FS5_page_35.jpg,Notes (Tabular)
FS5_page_36.jpg,Notes (Tabular)
FS5_page_37.jpg,Notes (Tabular)
FS5_page_38.jpg,Notes (Tabular)
FS5_page_39.jpg,Notes (Tabular)
FS6_page_1.jpg,Other Pages
FS6_page_2.jpg,Other Pages
FS6_page_3.jpg,Independent Auditor's Report
FS6_page_4.jpg,Independent Auditor's Report
FS6_page_5.jpg,Independent Auditor's Report
FS6_page_6.jpg,Independent Auditor's Report
FS6_page_7.jpg,Independent Auditor's Report
FS6_page_8.jpg,Financial Sheets
FS6_page_9.jpg,Financial Sheets
FS6_page_10.jpg,Financial Sheets
FS6_page_11.jpg,Financial Sheets
FS6_page_12.jpg,Financial Sheets
FS6_page_13.jpg,Notes (Tabular)
FS6_page_14.jpg,Notes (Text)
FS6_page_15.jpg,Notes (Text)
FS6_page_16.jpg,Notes (Text)
FS6_page_17.jpg,Notes (Tabular)
FS6_page_18.jpg,Notes (Tabular)
FS6_page_19.jpg,Notes (Text)
FS6_page_20.jpg,Notes (Text)
FS6_page_21.jpg,Notes (Tabular)
FS6_page_22.jpg,Notes (Text)
FS6_page_23.jpg,Notes (Text)
FS6_page_24.jpg,Notes (Text)
FS6_page_25.jpg,Notes (Text)
FS6_page_26.jpg,Notes (Text)
FS6_page_27.jpg,Notes (Text)
FS6_page_28.jpg,Notes (Text)
FS6_page_29.jpg,Notes (Text)
FS6_page_30.jpg,Notes (Text)
FS6_page_31.jpg,Notes (Tabular)
FS6_page_32.jpg,Notes (Tabular)
FS6_page_33.jpg,Notes (Tabular)
FS6_page_34.jpg,Notes (Tabular)
FS6_page_35.jpg,Notes (Tabular)
FS6_page_36.jpg,Notes (Tabular)
FS6_page_37.jpg,Notes (Tabular)
FS6_page_38.jpg,Notes (Tabular)
FS6_page_39.jpg,Notes (Tabular)
FS6_page_40.jpg,Notes (Tabular)
FS6_page_41.jpg,Notes (Tabular)
FS6_page_42.jpg,Notes (Tabular)
FS6_page_43.jpg,Notes (Tabular)
FS6_page_44.jpg,Notes (Tabular)
FS6_page_45.jpg,Notes (Tabular)
FS6_page_46.jpg,Notes (Tabular)
FS6_page_47.jpg,Notes (Tabular)
FS6_page_48.jpg,Notes (Tabular)
FS6_page_49.jpg,Notes (Tabular)
FS6_page_50.jpg,Notes (Tabular)
FS6_page_51.jpg,Notes (Text)
FS6_page_52.jpg,Notes (Tabular)
FS7_page_1.jpg,Other Pages
FS7_page_2.jpg,Other Pages
FS7_page_3.jpg,Independent Auditor's Report
FS7_page_4.jpg,Independent Auditor's Report
FS7_page_5.jpg,Financial Sheets
FS7_page_6.jpg,Financial Sheets
FS7_page_7.jpg,Financial Sheets
FS7_page_8.jpg,Financial Sheets
FS7_page_9.jpg,Notes (Tabular)
FS7_page_10.jpg,Notes (Tabular)
FS7_page_11.jpg,Notes (Text)
FS7_page_12.jpg,Notes (Tabular)
FS7_page_13.jpg,Notes (Text)
FS7_page_14.jpg,Notes (Text)
FS7_page_15.jpg,Notes (Text)
FS7_page_16.jpg,Notes (Text)
FS7_page_17.jpg,Notes (Text)
FS7_page_18.jpg,Notes (Tabular)
FS7_page_19.jpg,Notes (Tabular)
FS7_page_20.jpg,Notes (Tabular)
FS7_page_21.jpg,Notes (Tabular)
FS7_page_22.jpg,Notes (Tabular)
FS7_page_23.jpg,Notes (Tabular)
FS7_page_24.jpg,Notes (Tabular)
FS7_page_25.jpg,Notes (Tabular)
FS7_page_26.jpg,Notes (Tabular)
FS7_page_27.jpg,Notes (Tabular)
FS7_page_28.jpg,Notes (Tabular)
FS7_page_29.jpg,Notes (Tabular)
FS7_page_30.jpg,Notes (Text)
FS8_page_1.jpg,Other Pages
FS8_page_2.jpg,Independent Auditor's Report
FS8_page_3.jpg,Independent Auditor's Report
FS8_page_4.jpg,Independent Auditor's Report
FS8_page_5.jpg,Independent Auditor's Report
FS8_page_6.jpg,Financial Sheets
FS8_page_7.jpg,Financial Sheets
FS8_page_8.jpg,Financial Sheets
FS8_page_9.jpg,Financial Sheets
FS8_page_10.jpg,Notes (Tabular)
FS8_page_11.jpg,Notes (Text)
FS8_page_12.jpg,Notes (Text)
FS8_page_13.jpg,Notes (Text)
FS8_page_14.jpg,Notes (Text)
FS8_page_15.jpg,Notes (Tabular)
FS8_page_16.jpg,Notes (Text)
FS8_page_17.jpg,Notes (Text)
FS8_page_18.jpg,Notes (Tabular)
FS8_page_19.jpg,Notes (Text)
FS8_page_20.jpg,Notes (Text)
FS8_page_21.jpg,Notes (Text)
FS8_page_22.jpg,Notes (Text)
FS8_page_23.jpg,Notes (Text)
FS8_page_24.jpg,Notes (Text)
FS8_page_25.jpg,Notes (Text)
FS8_page_26.jpg,Notes (Tabular)
FS8_page_27.jpg,Notes (Tabular)
FS8_page_28.jpg,Notes (Tabular)
FS8_page_29.jpg,Notes (Tabular)
FS8_page_30.jpg,Notes (Tabular)
FS8_page_31.jpg,Notes (Tabular)
FS8_page_32.jpg,Notes (Tabular)
FS8_page_33.jpg,Notes (Tabular)
FS8_page_34.jpg,Notes (Tabular)
FS8_page_35.jpg,Notes (Tabular)
FS8_page_36.jpg,Notes (Tabular)
FS8_page_37.jpg,Notes (Tabular)
FS8_page_38.jpg,Notes (Tabular)
FS8_page_39.jpg,Notes (Tabular)
FS8_page_40.jpg,Notes (Text)
FS8_page_41.jpg,Notes (Tabular)
FS8_page_42.jpg,Notes (Tabular)
FS8_page_43.jpg,Notes (Tabular)
FS8_page_44.jpg,Notes (Text)
FS8_page_45.jpg,Notes (Text)
FS9_page_1.jpg,Other Pages
FS9_page_2.jpg,Other Pages
FS9_page_3.jpg,Independent Auditor's Report
FS9_page_4.jpg,Independent Auditor's Report
FS9_page_5.jpg,Independent Auditor's Report
FS9_page_6.jpg,Financial Sheets
FS9_page_7.jpg,Financial Sheets
FS9_page_8.jpg,Financial Sheets
FS9_page_9.jpg,Financial Sheets
FS9_page_10.jpg,Notes (Text)
FS9_page_11.jpg,Notes (Text)
FS9_page_12.jpg,Notes (Tabular)
FS9_page_13.jpg,Notes (Tabular)
FS9_page_14.jpg,Notes (Tabular)
FS9_page_15.jpg,Notes (Tabular)
FS9_page_16.jpg,Notes (Tabular)
FS9_page_17.jpg,Notes (Tabular)
FS9_page_18.jpg,Notes (Tabular)
FS9_page_19.jpg,Notes (Tabular)
FS9_page_20.jpg,Notes (Tabular)
FS9_page_21.jpg,Notes (Tabular)
FS9_page_22.jpg,Notes (Text)
FS9_page_23.jpg,Notes (Tabular)
FS9_page_24.jpg,Notes (Tabular)
FS9_page_25.jpg,Notes (Tabular)
FS9_page_26.jpg,Notes (Tabular)
FS9_page_27.jpg,Notes (Text)
FS9_page_28.jpg,Notes (Text)
FS9_page_29.jpg,Notes (Text)
FS9_page_30.jpg,Notes (Text)
FS9_page_31.jpg,Notes (Text)
FS9_page_32.jpg,Notes (Tabular)
FS9_page_33.jpg,Notes (Text)
FS10_page_1.jpg,Other Pages
FS10_page_2.jpg,Other Pages
FS10_page_3.jpg,Independent Auditor's Report
FS10_page_4.jpg,Independent Auditor's Report
FS10_page_5.jpg,Independent Auditor's Report
FS10_page_6.jpg,Financial Sheets
FS10_page_7.jpg,Financial Sheets
FS10_page_8.jpg,Financial Sheets
FS10_page_9.jpg,Financial Sheets
FS10_page_10.jpg,Financial Sheets
FS10_page_11.jpg,Notes (Tabular)
FS10_page_12.jpg,Notes (Tabular)
FS10_page_13.jpg,Notes (Text)
FS10_page_14.jpg,Notes (Text)
FS10_page_15.jpg,Notes (Text)
FS10_page_16.jpg,Notes (Text)
FS10_page_17.jpg,Notes (Text)
FS10_page_18.jpg,Notes (Text)
FS10_page_19.jpg,Notes (Text)
FS10_page_20.jpg,Notes (Text)
FS10_page_21.jpg,Notes (Text)
FS10_page_22.jpg,Notes (Text)
FS10_page_23.jpg,Notes (Tabular)
FS10_page_24.jpg,Notes (Tabular)
FS10_page_25.jpg,Notes (Tabular)
FS10_page_26.jpg,Notes (Tabular)
FS10_page_27.jpg,Notes (Tabular)
FS10_page_28.jpg,Notes (Tabular)
FS10_page_29.jpg,Notes (Tabular)
FS10_page_30.jpg,Notes (Tabular)
FS10_page_31.jpg,Notes (Tabular)
FS10_page_32.jpg,Notes (Tabular)
FS10_page_33.jpg,Notes (Tabular)
FS10_page_34.jpg,Notes (Tabular)
FS10_page_35.jpg,Notes (Tabular)
FS10_page_36.jpg,Notes (Tabular)
FS10_page_37.jpg,Notes (Tabular)
FS11_page_1.jpg,Other Pages
FS11_page_2.jpg,Other Pages
FS11_page_3.jpg,Independent Auditor's Report
FS11_page_4.jpg,Independent Auditor's Report
FS11_page_5.jpg,Independent Auditor's Report
FS11_page_6.jpg,Financial Sheets
FS11_page_7.jpg,Financial Sheets
FS11_page_8.jpg,Financial Sheets
FS11_page_9.jpg,Financial Sheets
FS11_page_10.jpg,Notes (Tabular)
FS11_page_11.jpg,Notes (Text)
FS11_page_12.jpg,Notes (Text)
FS11_page_13.jpg,Notes (Tabular)
FS11_page_14.jpg,Notes (Text)
FS11_page_15.jpg,Notes (Text)
FS11_page_16.jpg,Notes (Text)
FS11_page_17.jpg,Notes (Tabular)
FS11_page_18.jpg,Notes (Tabular)
FS11_page_19.jpg,Notes (Tabular)
FS11_page_20.jpg,Notes (Tabular)
FS11_page_21.jpg,Notes (Tabular)
FS11_page_22.jpg,Notes (Tabular)
FS11_page_23.jpg,Notes (Tabular)
FS11_page_24.jpg,Notes (Tabular)
FS11_page_25.jpg,Notes (Tabular)
FS11_page_26.jpg,Notes (Tabular)
FS12_page_1.jpg,Other Pages
FS12_page_2.jpg,Other Pages
FS12_page_3.jpg,Independent Auditor's Report
FS12_page_4.jpg,Independent Auditor's Report
FS12_page_5.jpg,Independent Auditor's Report
FS12_page_6.jpg,Independent Auditor's Report
FS12_page_7.jpg,Financial Sheets
FS12_page_8.jpg,Financial Sheets
FS12_page_9.jpg,Financial Sheets
FS12_page_10.jpg,Financial Sheets
FS12_page_11.jpg,Notes (Tabular)
FS12_page_12.jpg,Notes (Tabular)
FS12_page_13.jpg,Notes (Text)
FS12_page_14.jpg,Notes (Text)
FS12_page_15.jpg,Notes (Tabular)
FS12_page_16.jpg,Notes (Tabular)
FS12_page_17.jpg,Notes (Text)
FS12_page_18.jpg,Notes (Text)
FS12_page_19.jpg,Notes (Tabular)
FS12_page_20.jpg,Notes (Text)
FS12_page_21.jpg,Notes (Text)
FS12_page_22.jpg,Notes (Text)
FS12_page_23.jpg,Notes (Tabular)
FS12_page_24.jpg,Notes (Text)
FS12_page_25.jpg,Notes (Text)
FS12_page_26.jpg,Notes (Text)
FS12_page_27.jpg,Notes (Tabular)
FS12_page_28.jpg,Notes (Text)
FS12_page_29.jpg,Notes (Text)
FS12_page_30.jpg,Notes (Text)
FS12_page_31.jpg,Notes (Text)
FS12_page_32.jpg,Notes (Tabular)
FS12_page_33.jpg,Notes (Tabular)
FS12_page_34.jpg,Notes (Tabular)
FS12_page_35.jpg,Notes (Text)
FS12_page_36.jpg,Notes (Tabular)
FS12_page_37.jpg,Notes (Tabular)
FS12_page_38.jpg,Notes (Tabular)
FS12_page_39.jpg,Notes (Tabular)
FS12_page_40.jpg,Notes (Tabular)
FS12_page_41.jpg,Notes (Tabular)
FS12_page_42.jpg,Notes (Tabular)
FS12_page_43.jpg,Notes (Tabular)
FS12_page_44.jpg,Notes (Tabular)
FS12_page_45.jpg,Notes (Tabular)
FS12_page_46.jpg,Notes (Tabular)
FS12_page_47.jpg,Notes (Tabular)
FS12_page_48.jpg,Notes (Tabular)
FS12_page_49.jpg,Notes (Tabular)
FS12_page_50.jpg,Notes (Tabular)
FS12_page_51.jpg,Notes (Tabular)
FS12_page_52.jpg,Notes (Tabular)
FS12_page_53.jpg,Notes (Tabular)
FS12_page_54.jpg,Notes (Text)
FS12_page_55.jpg,Notes (Tabular)
FS12_page_56.jpg,Notes (Tabular)
FS12_page_57.jpg,Notes (Tabular)
FS12_page_58.jpg,Notes (Tabular)
FS12_page_59.jpg,Notes (Tabular)
FS12_page_60.jpg,Notes (Tabular)
FS12_page_61.jpg,Notes (Tabular)
FS12_page_62.jpg,Notes (Tabular)
FS12_page_63.jpg,Notes (Tabular)
FS12_page_64.jpg,Notes (Text)
FS13_page_1.jpg,Other Pages
FS13_page_2.jpg,Other Pages
FS13_page_3.jpg,Independent Auditor's Report
FS13_page_4.jpg,Independent Auditor's Report
FS13_page_5.jpg,Independent Auditor's Report
FS13_page_6.jpg,Financial Sheets
FS13_page_7.jpg,Financial Sheets
FS13_page_8.jpg,Financial Sheets
FS13_page_9.jpg,Financial Sheets
FS13_page_10.jpg,Notes (Tabular)
FS13_page_11.jpg,Notes (Text)
FS13_page_12.jpg,Notes (Text)
FS13_page_13.jpg,Notes (Text)
FS13_page_14.jpg,Notes (Text)
FS13_page_15.jpg,Notes (Tabular)
FS13_page_16.jpg,Notes (Text)
FS13_page_17.jpg,Notes (Text)
FS13_page_18.jpg,Notes (Text)
FS13_page_19.jpg,Notes (Text)
FS13_page_20.jpg,Notes (Text)
FS13_page_21.jpg,Notes (Text)
FS13_page_22.jpg,Notes (Text)
FS13_page_23.jpg,Notes (Tabular)
FS13_page_24.jpg,Notes (Tabular)
FS13_page_25.jpg,Notes (Tabular)
FS13_page_26.jpg,Notes (Tabular)
FS13_page_27.jpg,Notes (Tabular)
FS13_page_28.jpg,Notes (Tabular)
FS13_page_29.jpg,Notes (Tabular)
FS13_page_30.jpg,Notes (Tabular)
FS13_page_31.jpg,Notes (Tabular)
FS13_page_32.jpg,Notes (Tabular)
FS13_page_33.jpg,Notes (Tabular)
FS13_page_34.jpg,Notes (Tabular)
FS13_page_35.jpg,Notes (Tabular)
FS13_page_36.jpg,Notes (Tabular)
FS13_page_37.jpg,Notes (Tabular)
FS13_page_38.jpg,Notes (Text)
FS13_page_39.jpg,Notes (Tabular)
FS14_page_1.jpg,Other Pages
FS14_page_2.jpg,Other Pages
FS14_page_3.jpg,Independent Auditor's Report
FS14_page_4.jpg,Independent Auditor's Report
FS14_page_5.jpg,Independent Auditor's Report
FS14_page_6.jpg,Independent Auditor's Report
FS14_page_7.jpg,Financial Sheets
FS14_page_8.jpg,Financial Sheets
FS14_page_9.jpg,Financial Sheets
FS14_page_10.jpg,Financial Sheets
FS14_page_11.jpg,Notes (Text)
FS14_page_12.jpg,Notes (Tabular)
FS14_page_13.jpg,Notes (Text)
FS14_page_14.jpg,Notes (Text)
FS14_page_15.jpg,Notes (Tabular)
FS14_page_16.jpg,Notes (Text)
FS14_page_17.jpg,Notes (Text)
FS14_page_18.jpg,Notes (Text)
FS14_page_19.jpg,Notes (Text)
FS14_page_20.jpg,Notes (Text)
FS14_page_21.jpg,Notes (Text)
FS14_page_22.jpg,Notes (Text)
FS14_page_23.jpg,Notes (Tabular)
FS14_page_24.jpg,Notes (Tabular)
FS14_page_25.jpg,Notes (Tabular)
FS14_page_26.jpg,Notes (Tabular)
FS14_page_27.jpg,Notes (Tabular)
FS14_page_28.jpg,Notes (Tabular)
FS14_page_29.jpg,Notes (Tabular)
FS14_page_30.jpg,Notes (Tabular)
FS14_page_31.jpg,Notes (Tabular)
FS14_page_32.jpg,Notes (Tabular)
FS14_page_33.jpg,Notes (Tabular)
FS14_page_34.jpg,Notes (Tabular)
FS14_page_35.jpg,Notes (Tabular)
FS14_page_36.jpg,Notes (Tabular)
FS14_page_37.jpg,Notes (Tabular)
FS14_page_38.jpg,Notes (Tabular)
FS14_page_39.jpg,Notes (Tabular)
FS14_page_40.jpg,Notes (Tabular)
FS15_page_1.jpg,Other Pages
FS15_page_2.jpg,Other Pages
FS15_page_3.jpg,Independent Auditor's Report
FS15_page_4.jpg,Independent Auditor's Report
FS15_page_5.jpg,Independent Auditor's Report
FS15_page_6.jpg,Financial Sheets
FS15_page_7.jpg,Financial Sheets
FS15_page_8.jpg,Financial Sheets
FS15_page_9.jpg,Financial Sheets
FS15_page_10.jpg,Notes (Tabular)
FS15_page_11.jpg,Notes (Text)
FS15_page_12.jpg,Notes (Text)
FS15_page_13.jpg,Notes (Text)
FS15_page_14.jpg,Notes (Tabular)
FS15_page_15.jpg,Notes (Tabular)
FS15_page_16.jpg,Notes (Text)
FS15_page_17.jpg,Notes (Text)
FS15_page_18.jpg,Notes (Text)
FS15_page_19.jpg,Notes (Text)
FS15_page_20.jpg,Notes (Text)
FS15_page_21.jpg,Notes (Tabular)
FS15_page_22.jpg,Notes (Tabular)
FS15_page_23.jpg,Notes (Tabular)
FS15_page_24.jpg,Notes (Tabular)
FS15_page_25.jpg,Notes (Tabular)
FS15_page_26.jpg,Notes (Tabular)
FS15_page_27.jpg,Notes (Tabular)
FS15_page_28.jpg,Notes (Tabular)
FS15_page_29.jpg,Notes (Tabular)
FS15_page_30.jpg,Notes (Tabular)
FS15_page_31.jpg,Notes (Tabular)
FS15_page_32.jpg,Notes (Tabular)
FS15_page_33.jpg,Notes (Tabular)
FS15_page_34.jpg,Notes (Text)
FS16_page_1.jpg,Other Pages
FS16_page_2.jpg,Other Pages
FS16_page_3.jpg,Independent Auditor's Report
FS16_page_4.jpg,Independent Auditor's Report
FS16_page_5.jpg,Independent Auditor's Report
FS16_page_6.jpg,Independent Auditor's Report
FS16_page_7.jpg,Financial Sheets
FS16_page_8.jpg,Financial Sheets
FS16_page_9.jpg,Financial Sheets
FS16_page_10.jpg,Financial Sheets
FS16_page_11.jpg,Financial Sheets
FS16_page_12.jpg,Notes (Text)
FS16_page_13.jpg,Notes (Text)
FS16_page_14.jpg,Notes (Text)
FS16_page_15.jpg,Notes (Tabular)
FS16_page_16.jpg,Notes (Text)
FS16_page_17.jpg,Notes (Text)
FS16_page_18.jpg,Notes (Text)
FS16_page_19.jpg,Notes (Tabular)
FS16_page_20.jpg,Notes (Text)
FS16_page_21.jpg,Notes (Text)
FS16_page_22.jpg,Notes (Text)
FS16_page_23.jpg,Notes (Text)
FS16_page_24.jpg,Notes (Text)
FS16_page_25.jpg,Notes (Text)
FS16_page_26.jpg,Notes (Text)
FS16_page_27.jpg,Notes (Text)
FS16_page_28.jpg,Notes (Tabular)
FS16_page_29.jpg,Notes (Tabular)
FS16_page_30.jpg,Notes (Text)
FS16_page_31.jpg,Notes (Text)
FS16_page_32.jpg,Notes (Text)
FS16_page_33.jpg,Notes (Tabular)
FS16_page_34.jpg,Notes (Tabular)
FS16_page_35.jpg,Notes (Tabular)
FS16_page_36.jpg,Notes (Tabular)
FS16_page_37.jpg,Notes (Tabular)
FS16_page_38.jpg,Notes (Tabular)
FS16_page_39.jpg,Notes (Tabular)
FS16_page_40.jpg,Notes (Tabular)
FS16_page_41.jpg,Notes (Tabular)
FS16_page_42.jpg,Notes (Tabular)
FS16_page_43.jpg,Notes (Tabular)
FS16_page_44.jpg,Notes (Tabular)
FS16_page_45.jpg,Notes (Tabular)
FS16_page_46.jpg,Notes (Tabular)
FS16_page_47.jpg,Notes (Tabular)
FS16_page_48.jpg,Notes (Tabular)
FS16_page_49.jpg,Notes (Tabular)
FS16_page_50.jpg,Notes (Tabular)
FS16_page_51.jpg,Notes (Text)
FS16_page_52.jpg,Notes (Tabular)
FS16_page_53.jpg,Notes (Tabular)
FS16_page_54.jpg,Notes (Tabular)
FS16_page_55.jpg,Notes (Tabular)
FS16_page_56.jpg,Notes (Tabular)
FS16_page_57.jpg,Notes (Tabular)
FS17_page_1.jpg,Other Pages
FS17_page_2.jpg,Other Pages
FS17_page_3.jpg,Independent Auditor's Report
FS17_page_4.jpg,Independent Auditor's Report
FS17_page_5.jpg,Independent Auditor's Report
FS17_page_6.jpg,Financial Sheets
FS17_page_7.jpg,Financial Sheets
FS17_page_8.jpg,Financial Sheets
FS17_page_9.jpg,Financial Sheets
FS17_page_10.jpg,Notes (Tabular)
FS17_page_11.jpg,Notes (Tabular)
FS17_page_12.jpg,Notes (Text)
FS17_page_13.jpg,Notes (Text)
FS17_page_14.jpg,Notes (Tabular)
FS17_page_15.jpg,Notes (Tabular)
FS17_page_16.jpg,Notes (Text)
FS17_page_17.jpg,Notes (Text)
FS17_page_18.jpg,Notes (Text)
FS17_page_19.jpg,Notes (Text)
FS17_page_20.jpg,Notes (Tabular)
FS17_page_21.jpg,Notes (Tabular)
FS17_page_22.jpg,Notes (Tabular)
FS17_page_23.jpg,Notes (Tabular)
FS17_page_24.jpg,Notes (Tabular)
FS17_page_25.jpg,Notes (Tabular)
FS17_page_26.jpg,Notes (Tabular)
FS17_page_27.jpg,Notes (Tabular)
FS17_page_28.jpg,Notes (Tabular)
FS17_page_29.jpg,Notes (Tabular)
FS17_page_30.jpg,Notes (Tabular)
FS17_page_31.jpg,Notes (Tabular)
FS17_page_32.jpg,Notes (Tabular)
FS17_page_33.jpg,Notes (Tabular)
FS18_page_1.jpg,Other Pages
FS18_page_2.jpg,Other Pages
FS18_page_3.jpg,Independent Auditor's Report
FS18_page_4.jpg,Independent Auditor's Report
FS18_page_5.jpg,Independent Auditor's Report
FS18_page_6.jpg,Independent Auditor's Report
FS18_page_7.jpg,Financial Sheets
FS18_page_8.jpg,Financial Sheets
FS18_page_9.jpg,Financial Sheets
FS18_page_10.jpg,Financial Sheets
FS18_page_11.jpg,Notes (Tabular)
FS18_page_12.jpg,Notes (Text)
FS18_page_13.jpg,Notes (Text)
FS18_page_14.jpg,Notes (Text)
FS18_page_15.jpg,Notes (Tabular)
FS18_page_16.jpg,Notes (Text)
FS18_page_17.jpg,Notes (Text)
FS18_page_18.jpg,Notes (Text)
FS18_page_19.jpg,Notes (Text)
FS18_page_20.jpg,Notes (Text)
FS18_page_21.jpg,Notes (Text)
FS18_page_22.jpg,Notes (Tabular)
FS18_page_23.jpg,Notes (Tabular)
FS18_page_24.jpg,Notes (Tabular)
FS18_page_25.jpg,Notes (Tabular)
FS18_page_26.jpg,Notes (Tabular)
FS18_page_27.jpg,Notes (Tabular)
FS18_page_28.jpg,Notes (Text)
FS18_page_29.jpg,Notes (Tabular)
FS18_page_30.jpg,Notes (Tabular)
FS18_page_31.jpg,Notes (Tabular)
FS18_page_32.jpg,Notes (Tabular)
FS18_page_33.jpg,Notes (Tabular)
FS18_page_34.jpg,Notes (Tabular)
FS18_page_35.jpg,Notes (Tabular)
FS18_page_36.jpg,Notes (Tabular)
FS19_page_1.jpg,Other Pages
FS19_page_2.jpg,Other Pages
FS19_page_3.jpg,Independent Auditor's Report
FS19_page_4.jpg,Independent Auditor's Report
FS19_page_5.jpg,Financial Sheets
FS19_page_6.jpg,Financial Sheets
FS19_page_7.jpg,Financial Sheets
FS19_page_8.jpg,Financial Sheets
FS19_page_9.jpg,Notes (Text)
FS19_page_10.jpg,Notes (Text)
FS19_page_11.jpg,Notes (Tabular)
FS19_page_12.jpg,Notes (Tabular)
FS19_page_13.jpg,Notes (Text)
FS19_page_14.jpg,Notes (Text)
FS19_page_15.jpg,Notes (Text)
FS19_page_16.jpg,Notes (Tabular)
FS19_page_17.jpg,Notes (Tabular)
FS19_page_18.jpg,Notes (Text)
FS19_page_19.jpg,Notes (Text)
FS19_page_20.jpg,Notes (Tabular)
FS19_page_21.jpg,Notes (Tabular)
FS19_page_22.jpg,Notes (Tabular)
FS19_page_23.jpg,Notes (Tabular)
FS19_page_24.jpg,Notes (Tabular)
FS19_page_25.jpg,Notes (Tabular)
FS19_page_26.jpg,Notes (Tabular)
FS19_page_27.jpg,Notes (Tabular)
FS19_page_28.jpg,Notes (Tabular)
FS19_page_29.jpg,Notes (Tabular)
FS19_page_30.jpg,Notes (Tabular)
FS19_page_31.jpg,Notes (Tabular)
FS19_page_32.jpg,Notes (Text)
FS19_page_33.jpg,Notes (Tabular)
FS19_page_34.jpg,Notes (Tabular)
FS19_page_35.jpg,Notes (Tabular)
FS19_page_36.jpg,Notes (Tabular)
FS19_page_37.jpg,Notes (Tabular)
FS19_page_38.jpg,Notes (Tabular)
FS19_page_39.jpg,Notes (Tabular)
FS19_page_40.jpg,Notes (Tabular)
FS19_page_41.jpg,Notes (Tabular)
FS19_page_42.jpg,Notes (Text)
FS19_page_43.jpg,Notes (Tabular)
FS19_page_44.jpg,Notes (Tabular)
FS19_page_45.jpg,Notes (Text)
FS19_page_46.jpg,Notes (Text)
FS19_page_47.jpg,Notes (Tabular)
FS19_page_48.jpg,Notes (Tabular)
FS19_page_49.jpg,Notes (Text)
FS19_page_50.jpg,Notes (Tabular)
FS19_page_51.jpg,Notes (Tabular)
FS19_page_52.jpg,Notes (Tabular)
FS19_page_53.jpg,Notes (Tabular)
FS19_page_54.jpg,Notes (Tabular)
FS19_page_55.jpg,Notes (Tabular)
FS20_page_1.jpg,Other Pages
FS20_page_2.jpg,Other Pages
FS20_page_3.jpg,Independent Auditor's Report
FS20_page_4.jpg,Independent Auditor's Report
FS20_page_5.jpg,Independent Auditor's Report
FS20_page_6.jpg,Independent Auditor's Report
FS20_page_7.jpg,Financial Sheets
FS20_page_8.jpg,Financial Sheets
FS20_page_9.jpg,Financial Sheets
FS20_page_10.jpg,Financial Sheets
FS20_page_11.jpg,Notes (Tabular)
FS20_page_12.jpg,Notes (Text)
FS20_page_13.jpg,Notes (Text)
FS20_page_14.jpg,Notes (Text)
FS20_page_15.jpg,Notes (Tabular)
FS20_page_16.jpg,Notes (Text)
FS20_page_17.jpg,Notes (Text)
FS20_page_18.jpg,Notes (Text)
FS20_page_19.jpg,Notes (Text)
FS20_page_20.jpg,Notes (Tabular)
FS20_page_21.jpg,Notes (Tabular)
FS20_page_22.jpg,Notes (Tabular)
FS20_page_23.jpg,Notes (Tabular)
FS20_page_24.jpg,Notes (Tabular)
FS20_page_25.jpg,Notes (Tabular)
FS20_page_26.jpg,Notes (Tabular)
FS20_page_27.jpg,Notes (Tabular)
FS20_page_28.jpg,Notes (Tabular)
FS20_page_29.jpg,Notes (Tabular)
FS20_page_30.jpg,Notes (Tabular)
FS20_page_31.jpg,Notes (Tabular)
FS20_page_32.jpg,Notes (Text)
FS20_page_33.jpg,Notes (Tabular)
FS20_page_34.jpg,Notes (Tabular)
FS20_page_35.jpg,Notes (Tabular)
FS20_page_36.jpg,Notes (Tabular)
FS20_page_37.jpg,Notes (Tabular)
FS20_page_38.jpg,Notes (Tabular)
FS20_page_39.jpg,Notes (Tabular)
FS20_page_40.jpg,Notes (Tabular)
FS21_page_1.jpg,Other Pages
FS21_page_2.jpg,Other Pages
FS21_page_3.jpg,Independent Auditor's Report
FS21_page_4.jpg,Independent Auditor's Report
FS21_page_5.jpg,Independent Auditor's Report
FS21_page_6.jpg,Independent Auditor's Report
FS21_page_7.jpg,Independent Auditor's Report
FS21_page_8.jpg,Financial Sheets
FS21_page_9.jpg,Financial Sheets
FS21_page_10.jpg,Financial Sheets
FS21_page_11.jpg,Financial Sheets
FS21_page_12.jpg,Notes (Text)
FS21_page_13.jpg,Notes (Text)
FS21_page_14.jpg,Notes (Text)
FS21_page_15.jpg,Notes (Tabular)
FS21_page_16.jpg,Notes (Text)
FS21_page_17.jpg,Notes (Text)
FS21_page_18.jpg,Notes (Tabular)
FS21_page_19.jpg,Notes (Text)
FS21_page_20.jpg,Notes (Text)
FS21_page_21.jpg,Notes (Text)
FS21_page_22.jpg,Notes (Text)
FS21_page_23.jpg,Notes (Text)
FS21_page_24.jpg,Notes (Text)
FS21_page_25.jpg,Notes (Text)
FS21_page_26.jpg,Notes (Tabular)
FS21_page_27.jpg,Notes (Tabular)
FS21_page_28.jpg,Notes (Tabular)
FS21_page_29.jpg,Notes (Tabular)
FS21_page_30.jpg,Notes (Tabular)
FS21_page_31.jpg,Notes (Tabular)
FS21_page_32.jpg,Notes (Tabular)
FS21_page_33.jpg,Notes (Text)
FS21_page_34.jpg,Notes (Tabular)
FS21_page_35.jpg,Notes (Tabular)
FS21_page_36.jpg,Notes (Tabular)
FS21_page_37.jpg,Notes (Tabular)
FS21_page_38.jpg,Notes (Tabular)
FS21_page_39.jpg,Notes (Tabular)
FS21_page_40.jpg,Notes (Tabular)
FS21_page_41.jpg,Notes (Tabular)
FS21_page_42.jpg,Notes (Text)
FS21_page_43.jpg,Notes (Tabular)
FS21_page_44.jpg,Notes (Text)
FS22_page_1.jpg,Other Pages
FS22_page_2.jpg,Independent Auditor's Report
FS22_page_3.jpg,Independent Auditor's Report
FS22_page_4.jpg,Independent Auditor's Report
FS22_page_5.jpg,Independent Auditor's Report
FS22_page_6.jpg,Independent Auditor's Report
FS22_page_7.jpg,Financial Sheets
FS22_page_8.jpg,Financial Sheets
FS22_page_9.jpg,Financial Sheets
FS22_page_10.jpg,Financial Sheets
FS22_page_11.jpg,Notes (Tabular)
FS22_page_12.jpg,Notes (Tabular)
FS22_page_13.jpg,Notes (Text)
FS22_page_14.jpg,Notes (Text)
FS22_page_15.jpg,Notes (Text)
FS22_page_16.jpg,Notes (Text)
FS22_page_17.jpg,Notes (Text)
FS22_page_18.jpg,Notes (Text)
FS22_page_19.jpg,Notes (Text)
FS22_page_20.jpg,Notes (Text)
FS22_page_21.jpg,Notes (Tabular)
FS22_page_22.jpg,Notes (Text)
FS22_page_23.jpg,Notes (Text)
FS22_page_24.jpg,Notes (Text)
FS22_page_25.jpg,Notes (Text)
FS22_page_26.jpg,Notes (Text)
FS22_page_27.jpg,Notes (Tabular)
FS22_page_28.jpg,Notes (Text)
FS22_page_29.jpg,Notes (Text)
FS22_page_30.jpg,Notes (Text)
FS22_page_31.jpg,Notes (Tabular)
FS22_page_32.jpg,Notes (Tabular)
FS22_page_33.jpg,Notes (Tabular)
FS22_page_34.jpg,Notes (Tabular)
FS22_page_35.jpg,Notes (Tabular)
FS22_page_36.jpg,Notes (Tabular)
FS22_page_37.jpg,Notes (Tabular)
FS22_page_38.jpg,Notes (Tabular)
FS22_page_39.jpg,Notes (Tabular)
FS22_page_40.jpg,Notes (Tabular)
FS22_page_41.jpg,Notes (Tabular)
FS22_page_42.jpg,Notes (Tabular)
FS22_page_43.jpg,Notes (Tabular)
FS22_page_44.jpg,Notes (Tabular)
FS22_page_45.jpg,Notes (Text)
FS22_page_46.jpg,Notes (Text)
FS22_page_47.jpg,Notes (Tabular)
FS22_page_48.jpg,Notes (Tabular)
FS22_page_49.jpg,Notes (Tabular)
FS22_page_50.jpg,Notes (Tabular)
FS22_page_51.jpg,Notes (Tabular)
FS22_page_52.jpg,Notes (Text)
FS22_page_53.jpg,Notes (Tabular)
FS22_page_54.jpg,Notes (Tabular)
FS22_page_55.jpg,Notes (Tabular)
FS22_page_56.jpg,Notes (Tabular)
FS22_page_57.jpg,Notes (Tabular)
FS22_page_58.jpg,Notes (Tabular)
FS22_page_59.jpg,Notes (Tabular)
FS22_page_60.jpg,Notes (Tabular)
RSF1_page_1.jpg,Other Pages
RSF1_page_2.jpg,Other Pages
RSF1_page_3.jpg,Independent Auditor's Report
RSF1_page_4.jpg,Independent Auditor's Report
RSF1_page_5.jpg,Independent Auditor's Report
RSF1_page_6.jpg,Independent Auditor's Report
RSF1_page_7.jpg,Financial Sheets
RSF1_page_8.jpg,Financial Sheets
RSF1_page_9.jpg,Financial Sheets
RSF1_page_10.jpg,Financial Sheets
RSF1_page_11.jpg,Notes (Text)
RSF1_page_12.jpg,Notes (Tabular)
RSF1_page_13.jpg,Notes (Tabular)
RSF1_page_14.jpg,Notes (Text)
RSF1_page_15.jpg,Notes (Text)
RSF1_page_16.jpg,Notes (Text)
RSF1_page_17.jpg,Notes (Text)
RSF1_page_18.jpg,Notes (Text)
RSF1_page_19.jpg,Notes (Text)
RSF1_page_20.jpg,Notes (Tabular)
RSF1_page_21.jpg,Notes (Tabular)
RSF1_page_22.jpg,Notes (Tabular)
RSF1_page_23.jpg,Notes (Tabular)
RSF1_page_24.jpg,Notes (Tabular)
RSF1_page_25.jpg,Notes (Tabular)
RSF1_page_26.jpg,Notes (Tabular)
RSF1_page_27.jpg,Notes (Text)
RSF1_page_28.jpg,Notes (Tabular)
RSF1_page_29.jpg,Notes (Tabular)
RSF1_page_30.jpg,Notes (Tabular)
RSF1_page_31.jpg,Notes (Text)
RSF2_page_1.jpg,Other Pages
RSF2_page_2.jpg,Other Pages
RSF2_page_3.jpg,Independent Auditor's Report
RSF2_page_4.jpg,Independent Auditor's Report
RSF2_page_5.jpg,Independent Auditor's Report
RSF2_page_6.jpg,Independent Auditor's Report
RSF2_page_7.jpg,Financial Sheets
RSF2_page_8.jpg,Financial Sheets
RSF2_page_9.jpg,Financial Sheets
RSF2_page_10.jpg,Financial Sheets
RSF2_page_11.jpg,Notes (Text)
RSF2_page_12.jpg,Notes (Text)
RSF2_page_13.jpg,Notes (Text)
RSF2_page_14.jpg,Notes (Text)
RSF2_page_15.jpg,Notes (Text)
RSF2_page_16.jpg,Notes (Text)
RSF2_page_17.jpg,Notes (Text)
RSF2_page_18.jpg,Notes (Text)
RSF2_page_19.jpg,Notes (Text)
RSF2_page_20.jpg,Notes (Text)
RSF2_page_21.jpg,Notes (Tabular)
RSF2_page_22.jpg,Notes (Tabular)
RSF2_page_23.jpg,Notes (Tabular)
RSF2_page_24.jpg,Notes (Tabular)
RSF2_page_25.jpg,Notes (Tabular)
RSF2_page_26.jpg,Notes (Tabular)
RSF2_page_27.jpg,Notes (Tabular)
RSF2_page_28.jpg,Notes (Tabular)
RSF2_page_29.jpg,Notes (Text)
RSF2_page_30.jpg,Notes (Tabular)
RSF2_page_31.jpg,Notes (Tabular)
RSF2_page_32.jpg,Notes (Tabular)
RSF2_page_33.jpg,Notes (Text)
RSF3_page_1.jpg,Other Pages
RSF3_page_2.jpg,Other Pages
RSF3_page_3.jpg,Other Pages
RSF3_page_4.jpg,Independent Auditor's Report
RSF3_page_5.jpg,Independent Auditor's Report
RSF3_page_6.jpg,Independent Auditor's Report
RSF3_page_7.jpg,Independent Auditor's Report
RSF3_page_8.jpg,Independent Auditor's Report
RSF3_page_9.jpg,Financial Sheets
RSF3_page_10.jpg,Financial Sheets
RSF3_page_11.jpg,Financial Sheets
RSF3_page_12.jpg,Financial Sheets
RSF3_page_13.jpg,Financial Sheets
RSF3_page_14.jpg,Notes (Text)
RSF3_page_15.jpg,Notes (Tabular)
RSF3_page_16.jpg,Notes (Text)
RSF3_page_17.jpg,Notes (Text)
RSF3_page_18.jpg,Notes (Text)
RSF3_page_19.jpg,Notes (Text)
RSF3_page_20.jpg,Notes (Text)
RSF3_page_21.jpg,Notes (Tabular)
RSF3_page_22.jpg,Notes (Tabular)
RSF3_page_23.jpg,Notes (Tabular)
RSF3_page_24.jpg,Notes (Tabular)
RSF3_page_25.jpg,Notes (Tabular)
RSF3_page_26.jpg,Notes (Tabular)
RSF3_page_27.jpg,Notes (Tabular)
RSF3_page_28.jpg,Notes (Tabular)
RSF3_page_29.jpg,Notes (Tabular)
RSF3_page_30.jpg,Notes (Text)
RSF3_page_31.jpg,Notes (Tabular)
RSF3_page_32.jpg,Notes (Tabular)
RSF3_page_33.jpg,Notes (Text)
RSF3_page_34.jpg,Other Pages
RSF4_page_1.jpg,Other Pages
RSF4_page_2.jpg,Other Pages
RSF4_page_3.jpg,Other Pages
RSF4_page_4.jpg,Independent Auditor's Report
RSF4_page_5.jpg,Independent Auditor's Report
RSF4_page_6.jpg,Independent Auditor's Report
RSF4_page_7.jpg,Independent Auditor's Report
RSF4_page_8.jpg,Financial Sheets
RSF4_page_9.jpg,Financial Sheets
RSF4_page_10.jpg,Financial Sheets
RSF4_page_11.jpg,Financial Sheets
RSF4_page_12.jpg,Notes (Text)
RSF4_page_13.jpg,Notes (Text)
RSF4_page_14.jpg,Notes (Text)
RSF4_page_15.jpg,Notes (Text)
RSF4_page_16.jpg,Notes (Text)
RSF4_page_17.jpg,Notes (Text)
RSF4_page_18.jpg,Notes (Text)
RSF4_page_19.jpg,Notes (Text)
RSF4_page_20.jpg,Notes (Text)
RSF4_page_21.jpg,Notes (Tabular)
RSF4_page_22.jpg,Notes (Tabular)
RSF4_page_23.jpg,Notes (Tabular)
RSF4_page_24.jpg,Notes (Tabular)
RSF4_page_25.jpg,Notes (Tabular)
RSF4_page_26.jpg,Notes (Tabular)
RSF4_page_27.jpg,Notes (Tabular)
RSF4_page_28.jpg,Notes (Tabular)
RSF4_page_29.jpg,Notes (Tabular)
RSF4_page_30.jpg,Notes (Tabular)
RSF4_page_31.jpg,Notes (Tabular)
RSF4_page_32.jpg,Notes (Text)
RSF4_page_33.jpg,Notes (Tabular)
RSF4_page_34.jpg,Notes (Text)
RSF4_page_35.jpg,Other Pages
RSF5_page_1.jpg,Other Pages
RSF5_page_2.jpg,Other Pages
RSF5_page_3.jpg,Independent Auditor's Report
RSF5_page_4.jpg,Independent Auditor's Report
RSF5_page_5.jpg,Independent Auditor's Report
RSF5_page_6.jpg,Independent Auditor's Report
RSF5_page_7.jpg,Financial Sheets
RSF5_page_8.jpg,Financial Sheets
RSF5_page_9.jpg,Financial Sheets
RSF5_page_10.jpg,Financial Sheets
RSF5_page_11.jpg,Notes (Text)
RSF5_page_12.jpg,Notes (Text)
RSF5_page_13.jpg,Notes (Text)
RSF5_page_14.jpg,Notes (Text)
RSF5_page_15.jpg,Notes (Text)
RSF5_page_16.jpg,Notes (Text)
RSF5_page_17.jpg,Notes (Text)
RSF5_page_18.jpg,Notes (Text)
RSF5_page_19.jpg,Notes (Text)
RSF5_page_20.jpg,Notes (Tabular)
RSF5_page_21.jpg,Notes (Tabular)
RSF5_page_22.jpg,Notes (Tabular)
RSF5_page_23.jpg,Notes (Tabular)
RSF5_page_24.jpg,Notes (Tabular)
RSF5_page_25.jpg,Notes (Tabular)
RSF5_page_26.jpg,Notes (Tabular)
RSF5_page_27.jpg,Notes (Tabular)
RSF5_page_28.jpg,Notes (Tabular)
RSF5_page_29.jpg,Notes (Tabular)
RSF5_page_30.jpg,Notes (Tabular)
RSF5_page_31.jpg,Notes (Tabular)
RSF5_page_32.jpg,Notes (Text)
RSF5_page_33.jpg,Notes (Tabular)
RSF5_page_34.jpg,Notes (Text)
RSF5_page_35.jpg,Other Pages
RSF6_page_1.jpg,Other Pages
RSF6_page_2.jpg,Independent Auditor's Report
RSF6_page_3.jpg,Independent Auditor's Report
RSF6_page_4.jpg,Independent Auditor's Report
RSF6_page_5.jpg,Independent Auditor's Report
RSF6_page_6.jpg,Financial Sheets
RSF6_page_7.jpg,Financial Sheets
RSF6_page_8.jpg,Financial Sheets
RSF6_page_9.jpg,Financial Sheets
RSF6_page_10.jpg,Notes (Text)
RSF6_page_11.jpg,Notes (Text)
RSF6_page_12.jpg,Notes (Text)
RSF6_page_13.jpg,Notes (Text)
RSF6_page_14.jpg,Notes (Tabular)
RSF6_page_15.jpg,Notes (Text)
RSF6_page_16.jpg,Notes (Text)
RSF6_page_17.jpg,Notes (Text)
RSF6_page_18.jpg,Notes (Text)
RSF6_page_19.jpg,Notes (Tabular)
RSF6_page_20.jpg,Notes (Tabular)
RSF6_page_21.jpg,Notes (Tabular)
RSF6_page_22.jpg,Notes (Tabular)
RSF6_page_23.jpg,Notes (Tabular)
RSF6_page_24.jpg,Notes (Tabular)
RSF6_page_25.jpg,Notes (Tabular)
RSF6_page_26.jpg,Notes (Tabular)
RSF6_page_27.jpg,Notes (Tabular)
RSF6_page_28.jpg,Notes (Tabular)
RSF6_page_29.jpg,Notes (Tabular)
RSF6_page_30.jpg,Notes (Tabular)
RSF6_page_31.jpg,Notes (Text)
RSF6_page_32.jpg,Other Pages
RSF7_page_1.jpg,Other Pages
RSF7_page_2.jpg,Other Pages
RSF7_page_3.jpg,Independent Auditor's Report
RSF7_page_4.jpg,Independent Auditor's Report
RSF7_page_5.jpg,Independent Auditor's Report
RSF7_page_6.jpg,Independent Auditor's Report
RSF7_page_7.jpg,Financial Sheets
RSF7_page_8.jpg,Financial Sheets
RSF7_page_9.jpg,Financial Sheets
RSF7_page_10.jpg,Financial Sheets
RSF7_page_11.jpg,Notes (Text)
RSF7_page_12.jpg,Notes (Text)
RSF7_page_13.jpg,Notes (Text)
RSF7_page_14.jpg,Notes (Tabular)
RSF7_page_15.jpg,Notes (Text)
RSF7_page_16.jpg,Notes (Text)
RSF7_page_17.jpg,Notes (Text)
RSF7_page_18.jpg,Notes (Tabular)
RSF7_page_19.jpg,Notes (Text)
RSF7_page_20.jpg,Notes (Text)
RSF7_page_21.jpg,Notes (Text)
RSF7_page_22.jpg,Notes (Text)
RSF7_page_23.jpg,Notes (Text)
RSF7_page_24.jpg,Notes (Tabular)
RSF7_page_25.jpg,Notes (Tabular)
RSF7_page_26.jpg,Notes (Text)
RSF7_page_27.jpg,Notes (Tabular)
RSF7_page_28.jpg,Notes (Text)
RSF7_page_29.jpg,Notes (Tabular)
RSF7_page_30.jpg,Notes (Tabular)
RSF7_page_31.jpg,Notes (Tabular)
RSF7_page_32.jpg,Notes (Tabular)
RSF7_page_33.jpg,Notes (Tabular)
RSF7_page_34.jpg,Notes (Tabular)
RSF7_page_35.jpg,Notes (Text)
RSF7_page_36.jpg,Notes (Tabular)
RSF7_page_37.jpg,Notes (Tabular)
RSF7_page_38.jpg,Notes (Text)
RSF8_page_1.jpg,Other Pages
RSF8_page_2.jpg,Other Pages
RSF8_page_3.jpg,Independent Auditor's Report
RSF8_page_4.jpg,Independent Auditor's Report
RSF8_page_5.jpg,Independent Auditor's Report
RSF8_page_6.jpg,Independent Auditor's Report
RSF8_page_7.jpg,Financial Sheets
RSF8_page_8.jpg,Financial Sheets
RSF8_page_9.jpg,Financial Sheets
RSF8_page_10.jpg,Financial Sheets
RSF8_page_11.jpg,Notes (Text)
RSF8_page_12.jpg,Notes (Text)
RSF8_page_13.jpg,Notes (Text)
RSF8_page_14.jpg,Notes (Tabular)
RSF8_page_15.jpg,Notes (Text)
RSF8_page_16.jpg,Notes (Text)
RSF8_page_17.jpg,Notes (Text)
RSF8_page_18.jpg,Notes (Tabular)
RSF8_page_19.jpg,Notes (Text)
RSF8_page_20.jpg,Notes (Text)
RSF8_page_21.jpg,Notes (Text)
RSF8_page_22.jpg,Notes (Text)
RSF8_page_23.jpg,Notes (Tabular)
RSF8_page_24.jpg,Notes (Tabular)
RSF8_page_25.jpg,Notes (Tabular)
RSF8_page_26.jpg,Notes (Tabular)
RSF8_page_27.jpg,Notes (Tabular)
RSF8_page_28.jpg,Notes (Tabular)
RSF8_page_29.jpg,Notes (Tabular)
RSF8_page_30.jpg,Notes (Tabular)
RSF8_page_31.jpg,Notes (Tabular)
RSF8_page_32.jpg,Notes (Tabular)
RSF8_page_33.jpg,Notes (Tabular)
RSF8_page_34.jpg,Notes (Tabular)
RSF8_page_35.jpg,Notes (Tabular)
RSF8_page_36.jpg,Notes (Tabular)
RSF8_page_37.jpg,Notes (Tabular)
RSF8_page_38.jpg,Notes (Text)
RSF8_page_39.jpg,Notes (Text)
RSF8_page_40.jpg,Other Pages
RSF8_page_41.jpg,Other Pages
RSF8_page_42.jpg,Other Pages